{"rmse_price_manwon":406.77146043488466,"_wandb":{"runtime":0},"training_rows":2130,"r2_price_manwon":0.8939267072247857,"train_loss":327.1348215361713,"final_iteration_strategy":"p75","iteration":388,"tree_count":88,"mae_price_manwon":269.30905199694786,"_timestamp":1.773760506509305e+09,"valid_loss":406.77146043488466,"fold":5,"best_iteration":88,"model_path":"/Users/iwonbin/workspace/Study/boot/SKN28-1st-4team/predict_engine_research/output/model.cbm","final_iterations":406,"_runtime":0.171486209,"_step":4118,"feature_count":9}