{"final_iteration_strategy":"p75","iteration":382,"_step":3917,"_timestamp":1.773767910995751e+09,"final_iterations":496,"valid_loss":408.98640357258984,"train_loss":350.356124824165,"mae_price_manwon":274.8016453265512,"fold":5,"rmse_price_manwon":408.98640357258984,"_wandb":{"runtime":0},"feature_count":8,"tree_count":82,"training_rows":2130,"best_iteration":82,"r2_price_manwon":0.892768386166782,"model_path":"/Users/iwonbin/workspace/Study/boot/SKN28-1st-4team/predict_engine_research/output/model.cbm","_runtime":0.167454376}